{
    "videoList":[
                 {
                 "id":5918,
                 "date":1503737705,
                 "idx":5,
                 "title":"周末号外丨中国第一高楼",
                 "description":"高度 632 米的上海中心大厦是当前中国第一高楼，仅次于迪拜哈利法塔，排名世界第二。短片记录了上海中心大厦四年的建设过程，也呈现了上海在这四年中的变化。From Joe Nafis",
                 "category":"记录",
                 "duration":168,
                 "playUrl":"http://baobab.wdjcdn.com/1457162012752491010143.mp4",
                 "playInfo":[
                             {
                             "height":480,
                             "width":854,
                             "name":"标清",
                             "type":"normal",
                             "url":"http://baobab.wdjcdn.com/1457529788412_5918_854x480.mp4"
                             },
                             {
                             "height":720,
                             "width":1280,
                             "name":"高清",
                             "type":"high",
                             "url":"http://baobab.wdjcdn.com/1457162012752491010143.mp4"
                             }
                             ],
                 "consumption":{
                 "collectionCount":704,
                 "shareCount":1238,
                 "playCount":0,
                 "replyCount":33
                 },
                 "promotion":null,
                 "waterMarks":null,
                 "provider":{
                 "name":"Vimeo",
                 "alias":"vimeo",
                 "icon":"http://img.wdjimg.com/image/video/c3ad630be461cbb081649c9e21d6cbe3_256_256.png"
                 },
                 "author":null,
                 "adTrack":null,
                 "shareAdTrack":null,
                 "favoriteAdTrack":null,
                 "webAdTrack":null,
                 "coverForFeed":"http://img.wdjimg.com/image/video/447f973848167ee5e44b67c8d4df9839_0_0.jpeg",
                 "coverForDetail":"http://img.wdjimg.com/image/video/447f973848167ee5e44b67c8d4df9839_0_0.jpeg",
                 "coverBlurred":"http://img.wdjimg.com/image/video/1e65d268ac9f080d0707ba74e243161d_0_0.jpeg",
                 "coverForSharing":"http://img.wdjimg.com/image/video/447f973848167ee5e44b67c8d4df9839_0_0.jpeg",
                 "webUrl":"http://wandou.im/1mbgy4",
                 "rawWebUrl":"http://www.wandoujia.com/eyepetizer/detail.html?vid=5918"
                 },
                 {
                 "id":5440,
                 "date":1503734403,
                 "idx":1,
                 "title":"主人，我熟悉你的每一部分",
                 "description":"我将你认作我生命中最重要的人，每个部分、每个器官都带有你的气息。对狗狗而言，主人就是这最重要的存在。阿根廷肝移植协会推出的这支公益广告讲述了狗与人之间的真挚情感，伤感又温情。From DDB Worldwide",
                 "category":"广告",
                 "duration":94,
                 "playUrl":"http://baobab.wdjcdn.com/1455861661073g.mp4",
                 "playInfo":[
                             {
                             "height":480,
                             "width":854,
                             "name":"标清",
                             "type":"normal",
                             "url":"http://baobab.wdjcdn.com/1455862946635_5440_854x480.mp4"
                             },
                             {
                             "height":720,
                             "width":1280,
                             "name":"高清",
                             "type":"high",
                             "url":"http://baobab.wdjcdn.com/1455861661073g.mp4"
                             }
                             ],
                 "consumption":{
                 "collectionCount":2192,
                 "shareCount":4401,
                 "playCount":0,
                 "replyCount":108
                 },
                 "promotion":null,
                 "waterMarks":null,
                 "provider":{
                 "name":"YouTube",
                 "alias":"youtube",
                 "icon":"http://img.wdjimg.com/image/video/fa20228bc5b921e837156923a58713f6_256_256.png"
                 },
                 "author":null,
                 "adTrack":null,
                 "shareAdTrack":null,
                 "favoriteAdTrack":null,
                 "webAdTrack":null,
                 "coverForFeed":"http://img.wdjimg.com/image/video/e0ba6995bc1a9f2a6aed093f46f29eca_0_0.jpeg",
                 "coverForDetail":"http://img.wdjimg.com/image/video/e0ba6995bc1a9f2a6aed093f46f29eca_0_0.jpeg",
                 "coverBlurred":"http://img.wdjimg.com/image/video/7e59e41f8f205f1110da89926ce38e38_0_0.jpeg",
                 "coverForSharing":"http://img.wdjimg.com/image/video/e0ba6995bc1a9f2a6aed093f46f29eca_0_0.jpeg",
                 "webUrl":"http://wandou.im/1i2f4q",
                 "rawWebUrl":"http://www.wandoujia.com/eyepetizer/detail.html?vid=5440"
                 },
                 {
                 "id":5970,
                 "date":1503736689,
                 "idx":5,
                 "title":"杭·雪",
                 "description":"杭州，一座诗情画意的城市。杭州的景，杭州的人，都无时无刻不在诠释着这个词。连雪，也带有独有的杭州气息。点点细雪飘然而至，安静地落在房瓦上，亭榭中，为这座城市更增添了几分诗意。From @小邵爱摄会",
                 "category":"旅行",
                 "duration":192,
                 "playUrl":"http://baobab.wdjcdn.com/1457545129716_5970_854x480.mp4",
                 "playInfo":[
                             {
                             "height":480,
                             "width":854,
                             "name":"标清",
                             "type":"normal",
                             "url":"http://baobab.wdjcdn.com/1457545129716_5970_854x480.mp4"
                             },
                             {
                             "height":720,
                             "width":1280,
                             "name":"高清",
                             "type":"high",
                             "url":"http://baobab.wdjcdn.com/14573366545844.mp4"
                             }
                             ],
                 "consumption":{
                 "collectionCount":1141,
                 "shareCount":2456,
                 "playCount":0,
                 "replyCount":45
                 },
                 "promotion":null,
                 "waterMarks":null,
                 "provider":{
                 "name":"乐视",
                 "alias":"letv",
                 "icon":"http://img.wdjimg.com/mms/icon/v1/6/ca/784da0db524cf8e1448574a764dcdca6_256_256.png"
                 },
                 "author":null,
                 "adTrack":null,
                 "shareAdTrack":null,
                 "favoriteAdTrack":null,
                 "webAdTrack":null,
                 "coverForFeed":"http://img.wdjimg.com/image/video/1577ef5c42e41f985c57cf82fcb85446_0_0.jpeg",
                 "coverForDetail":"http://img.wdjimg.com/image/video/1577ef5c42e41f985c57cf82fcb85446_0_0.jpeg",
                 "coverBlurred":"http://img.wdjimg.com/image/video/4c38aa7a1dbb74979bbb0c2e7a272318_0_0.jpeg",
                 "coverForSharing":"http://img.wdjimg.com/image/video/1577ef5c42e41f985c57cf82fcb85446_0_0.jpeg",
                 "webUrl":"http://wandou.im/1mteed",
                 "rawWebUrl":"http://www.wandoujia.com/eyepetizer/detail.html?vid=5970"
                 },
                 {
                 "id":5268,
                 "date":1503735071,
                 "idx":1,
                 "title":"BMX自行车特技：娴熟如跑酷",
                 "description":"又一位 BMX 大神来袭！Tim Knoll 是世界上最具创造力的 BMX rider 之一。短片里 Tim 大神将 BMX 和跑酷娴熟结合，自行车在他手里简直就成了玩具！From Red Bull",
                 "category":"运动",
                 "duration":216,
                 "playUrl":"http://baobab.wdjcdn.com/1454467934808B(9).mp4",
                 "playInfo":[
                             {
                             "height":480,
                             "width":854,
                             "name":"标清",
                             "type":"normal",
                             "url":"http://baobab.wdjcdn.com/1454468136393_5268_854x480.mp4"
                             },
                             {
                             "height":720,
                             "width":1280,
                             "name":"高清",
                             "type":"high",
                             "url":"http://baobab.wdjcdn.com/1454467934808B(9).mp4"
                             }
                             ],
                 "consumption":{
                 "collectionCount":1475,
                 "shareCount":2933,
                 "playCount":0,
                 "replyCount":75
                 },
                 "promotion":null,
                 "waterMarks":null,
                 "provider":{
                 "name":"YouTube",
                 "alias":"youtube",
                 "icon":"http://img.wdjimg.com/image/video/fa20228bc5b921e837156923a58713f6_256_256.png"
                 },
                 "author":null,
                 "adTrack":null,
                 "shareAdTrack":null,
                 "favoriteAdTrack":null,
                 "webAdTrack":null,
                 "coverForFeed":"http://img.wdjimg.com/image/video/489070df80a1f699ef2b6c84cac13f21_0_0.jpeg",
                 "coverForDetail":"http://img.wdjimg.com/image/video/489070df80a1f699ef2b6c84cac13f21_0_0.jpeg",
                 "coverBlurred":"http://img.wdjimg.com/image/video/79b006f3c771e83c18c857563c2b08e4_0_0.jpeg",
                 "coverForSharing":"http://img.wdjimg.com/image/video/489070df80a1f699ef2b6c84cac13f21_0_0.jpeg",
                 "webUrl":"http://wandou.im/1dg3sh",
                 "rawWebUrl":"http://www.wandoujia.com/eyepetizer/detail.html?vid=5268"
                 },
                 {
                 "id":5888,
                 "date":1503736816,
                 "idx":1,
                 "title":"风格互换：原来你我相爱",
                 "description":"什么是爱情？Interflora 这支广告从某个层面给出了一个回答：爱，就是走哥特风的我为你变成普通青年，而回头发现，你却为我走了哥特风。这个结局倒令人想起欧亨利经典短篇小说「麦琪的礼物」。From @InterfloraTV",
                 "category":"广告",
                 "duration":60,
                 "playUrl":"http://baobab.wdjcdn.com/14571455324031.mp4",
                 "playInfo":[
                             {
                             "height":480,
                             "width":854,
                             "name":"标清",
                             "type":"normal",
                             "url":"http://baobab.wdjcdn.com/1457521866561_5888_854x480.mp4"
                             },
                             {
                             "height":720,
                             "width":1280,
                             "name":"高清",
                             "type":"high",
                             "url":"http://baobab.wdjcdn.com/14571455324031.mp4"
                             }
                             ],
                 "consumption":{
                 "collectionCount":3523,
                 "shareCount":6233,
                 "playCount":0,
                 "replyCount":124
                 },
                 "promotion":null,
                 "waterMarks":null,
                 "provider":{
                 "name":"YouTube",
                 "alias":"youtube",
                 "icon":"http://img.wdjimg.com/image/video/fa20228bc5b921e837156923a58713f6_256_256.png"
                 },
                 "author":null,
                 "adTrack":null,
                 "shareAdTrack":null,
                 "favoriteAdTrack":null,
                 "webAdTrack":null,
                 "coverForFeed":"http://img.wdjimg.com/image/video/cd47d8370569dbb9b223942674c41785_0_0.jpeg",
                 "coverForDetail":"http://img.wdjimg.com/image/video/cd47d8370569dbb9b223942674c41785_0_0.jpeg",
                 "coverBlurred":"http://img.wdjimg.com/image/video/2c6109cc56d98041f07ed5d6f9c79c72_0_0.jpeg",
                 "coverForSharing":"http://img.wdjimg.com/image/video/cd47d8370569dbb9b223942674c41785_0_0.jpeg",
                 "webUrl":"http://wandou.im/1m9aca",
                 "rawWebUrl":"http://www.wandoujia.com/eyepetizer/detail.html?vid=5888"
                 },
                 {
                 "id":5560,
                 "date":1503736680,
                 "idx":2,
                 "title":"朋友圈中的你是真实的你吗？",
                 "description":"朋友圈能反映我们真实的生活状态吗？短片中 Scott 的 Facebook 可谓十分精彩，每条状态仿佛都在说“我的生活赞爆了！”。可实际上他却默默独吞苦水。那么你呢，你是 Scott 吗？From HigtonBros",
                 "category":"剧情",
                 "duration":155,
                 "playUrl":"http://baobab.wdjcdn.com/14559682994064.mp4",
                 "playInfo":[
                             {
                             "height":480,
                             "width":854,
                             "name":"标清",
                             "type":"normal",
                             "url":"http://baobab.wdjcdn.com/1455969783448_5560_854x480.mp4"
                             },
                             {
                             "height":530,
                             "width":1280,
                             "name":"高清",
                             "type":"high",
                             "url":"http://baobab.wdjcdn.com/14559682994064.mp4"
                             }
                             ],
                 "consumption":{
                 "collectionCount":2336,
                 "shareCount":5967,
                 "playCount":0,
                 "replyCount":141
                 },
                 "promotion":null,
                 "waterMarks":null,
                 "provider":{
                 "name":"YouTube",
                 "alias":"youtube",
                 "icon":"http://img.wdjimg.com/image/video/fa20228bc5b921e837156923a58713f6_256_256.png"
                 },
                 "author":null,
                 "adTrack":null,
                 "shareAdTrack":null,
                 "favoriteAdTrack":null,
                 "webAdTrack":null,
                 "coverForFeed":"http://img.wdjimg.com/image/video/d536b9c09b2681630afcc92222599f0e_0_0.jpeg",
                 "coverForDetail":"http://img.wdjimg.com/image/video/d536b9c09b2681630afcc92222599f0e_0_0.jpeg",
                 "coverBlurred":"http://img.wdjimg.com/image/video/4abd9b2962b85099ef3072a95456cb63_0_0.jpeg",
                 "coverForSharing":"http://img.wdjimg.com/image/video/d536b9c09b2681630afcc92222599f0e_0_0.jpeg",
                 "webUrl":"http://wandou.im/1ig5qp",
                 "rawWebUrl":"http://www.wandoujia.com/eyepetizer/detail.html?vid=5560"
                 },
                 {
                 "id":6188,
                 "date":1503736544,
                 "idx":3,
                 "title":"「海贼王：燃烧之血」CG 预告",
                 "description":"「海贼王：燃烧之血」游戏广告震撼来袭，且看鲁夫与克洛克达尔和艾涅尔在涩谷街头激战！熟悉的人物、激烈的打斗、炫酷的画面、热血的气氛，简直 high 到爆！From バンダイナムコエンターテインメント",
                 "category":"广告",
                 "duration":100,
                 "playUrl":"http://baobab.wdjcdn.com/1458625865688ONE.mp4",
                 "playInfo":[
                             {
                             "height":720,
                             "width":1280,
                             "name":"高清",
                             "type":"high",
                             "url":"http://baobab.wdjcdn.com/1458625865688ONE.mp4"
                             }
                             ],
                 "consumption":{
                 "collectionCount":987,
                 "shareCount":4269,
                 "playCount":0,
                 "replyCount":68
                 },
                 "promotion":null,
                 "waterMarks":null,
                 "provider":{
                 "name":"YouTube",
                 "alias":"youtube",
                 "icon":"http://img.wdjimg.com/image/video/fa20228bc5b921e837156923a58713f6_256_256.png"
                 },
                 "author":null,
                 "adTrack":null,
                 "shareAdTrack":null,
                 "favoriteAdTrack":null,
                 "webAdTrack":null,
                 "coverForFeed":"http://img.wdjimg.com/image/video/ef5af677657e81b0cf79b73349446f43_0_0.jpeg",
                 "coverForDetail":"http://img.wdjimg.com/image/video/ef5af677657e81b0cf79b73349446f43_0_0.jpeg",
                 "coverBlurred":"http://img.wdjimg.com/image/video/c4d0ca77dadcd0a3f0e29919b52b66aa_0_0.jpeg",
                 "coverForSharing":"http://img.wdjimg.com/image/video/ef5af677657e81b0cf79b73349446f43_0_0.jpeg",
                 "webUrl":"http://wandou.im/1qxx66",
                 "rawWebUrl":"http://www.wandoujia.com/eyepetizer/detail.html?vid=6188"
                 },
                 {
                 "id":5976,
                 "date":1503735997,
                 "idx":2,
                 "title":"吐司君的花样吃法",
                 "description":"吐司君的美味，品味的办法可不止一种两种。不仅单吃就有好风味，吐司更是百搭好物！不仅可以与水果和谐配搭，也可以和鸡蛋、芝士巧妙融合。哦对了，还可以在上面画画呢！ @厨娘物语BeautyCate",
                 "category":"开胃",
                 "duration":279,
                 "playUrl":"http://baobab.wdjcdn.com/14573563182394.mp4",
                 "playInfo":[
                             {
                             "height":480,
                             "width":854,
                             "name":"标清",
                             "type":"normal",
                             "url":"http://baobab.wdjcdn.com/1457546796853_5976_854x480.mp4"
                             },
                             {
                             "height":720,
                             "width":1280,
                             "name":"高清",
                             "type":"high",
                             "url":"http://baobab.wdjcdn.com/14573563182394.mp4"
                             }
                             ],
                 "consumption":{
                 "collectionCount":2441,
                 "shareCount":2816,
                 "playCount":0,
                 "replyCount":36
                 },
                 "promotion":null,
                 "waterMarks":null,
                 "provider":{
                 "name":"YouTube",
                 "alias":"youtube",
                 "icon":"http://img.wdjimg.com/image/video/fa20228bc5b921e837156923a58713f6_256_256.png"
                 },
                 "author":{
                 "id":24,
                 "name":"厨娘物语",
                 "link":"http://weibo.com/u/5232055343?topnav=1&wvr=6&topsug=1&is_all=1"
                 },
                 "adTrack":null,
                 "shareAdTrack":null,
                 "favoriteAdTrack":null,
                 "webAdTrack":null,
                 "coverForFeed":"http://img.wdjimg.com/image/video/2d93c9404ff0218c4ca4c537cb6482e9_0_0.jpeg",
                 "coverForDetail":"http://img.wdjimg.com/image/video/2d93c9404ff0218c4ca4c537cb6482e9_0_0.jpeg",
                 "coverBlurred":"http://img.wdjimg.com/image/video/7b4911899723a61d261667b035176752_0_0.jpeg",
                 "coverForSharing":"http://img.wdjimg.com/image/video/2d93c9404ff0218c4ca4c537cb6482e9_0_0.jpeg",
                 "webUrl":"http://wandou.im/1mvxqs",
                 "rawWebUrl":"http://www.wandoujia.com/eyepetizer/detail.html?vid=5976"
                 },
                {
                 "id":5656,
                 "date":1503735337,
                 "idx":2,
                 "title":"国际睡眠日：昨晚睡得好吗？",
                 "description":"今天是 2017 年国际睡眠日，现代人总是因压力过大而难得睡个好觉。压力本身并不是坏事，但如果影响睡眠质量就太折磨人了。这部短片便针对这个问题给出了一些建议：如何缓解压力睡个好觉？From Andrew D. Zimbelman",
                 "category":"动画",
                 "duration":69,
                 "playUrl":"http://baobab.wdjcdn.com/1458389678814huanjieyaliBastaw_x264.mp4",
                 "playInfo":[
                             {
                             "height":720,
                             "width":1280,
                             "name":"高清",
                             "type":"high",
                             "url":"http://baobab.wdjcdn.com/1458389678814huanjieyaliBastaw_x264.mp4"
                             }
                             ],
                 "consumption":{
                 "collectionCount":1227,
                 "shareCount":2794,
                 "playCount":0,
                 "replyCount":39
                 },
                 "promotion":null,
                 "waterMarks":null,
                 "provider":{
                 "name":"Vimeo",
                 "alias":"vimeo",
                 "icon":"http://img.wdjimg.com/image/video/c3ad630be461cbb081649c9e21d6cbe3_256_256.png"
                 },
                 "author":null,
                 "adTrack":null,
                 "shareAdTrack":null,
                 "favoriteAdTrack":null,
                 "webAdTrack":null,
                 "coverForFeed":"http://img.wdjimg.com/image/video/72c193615840f4ed82e84f99f88fe7c2_0_0.jpeg",
                 "coverForDetail":"http://img.wdjimg.com/image/video/72c193615840f4ed82e84f99f88fe7c2_0_0.jpeg",
                 "coverBlurred":"http://img.wdjimg.com/image/video/fa0984f2535f2d3a858a82a9933271b1_0_0.jpeg",
                 "coverForSharing":"http://img.wdjimg.com/image/video/72c193615840f4ed82e84f99f88fe7c2_0_0.jpeg",
                 "webUrl":"http://wandou.im/1jmhdx",
                 "rawWebUrl":"http://www.wandoujia.com/eyepetizer/detail.html?vid=5656"
                 },
                 {
                 "id":5544,
                 "date":1503734791,
                 "idx":1,
                 "title":"你相信有灵魂伴侣吗",
                 "description":"“你相信有灵魂伴侣吗？”女主角躺在床边问了这样一个恋爱中的典型问题。男主角思考了一会，用数学的方式给出了一个现实的答案，其实世界上那么多的人仅仅是能够相遇、认可，就已经是很不容易了。From Art Perez",
                 "category":"剧情",
                 "duration":330,
                 "playUrl":"http://baobab.wdjcdn.com/1457716884751linghunbanlv_x264.mp4",
                 "playInfo":[
                             {
                             "height":480,
                             "width":854,
                             "name":"标清",
                             "type":"normal",
                             "url":"http://baobab.wdjcdn.com/1457978787439_5544_854x480.mp4"
                             },
                             {
                             "height":546,
                             "width":1280,
                             "name":"高清",
                             "type":"high",
                             "url":"http://baobab.wdjcdn.com/1457716884751linghunbanlv_x264.mp4"
                             }
                             ],
                 "consumption":{
                 "collectionCount":5400,
                 "shareCount":12772,
                 "playCount":0,
                 "replyCount":194
                 },
                 "promotion":null,
                 "waterMarks":null,
                 "provider":{
                 "name":"YouTube",
                 "alias":"youtube",
                 "icon":"http://img.wdjimg.com/image/video/fa20228bc5b921e837156923a58713f6_256_256.png"
                 },
                 "author":null,
                 "adTrack":null,
                 "shareAdTrack":null,
                 "favoriteAdTrack":null,
                 "webAdTrack":null,
                 "coverForFeed":"http://img.wdjimg.com/image/video/945fa937f0955b31224314a4eeef59b8_0_0.jpeg",
                 "coverForDetail":"http://img.wdjimg.com/image/video/945fa937f0955b31224314a4eeef59b8_0_0.jpeg",
                 "coverBlurred":"http://img.wdjimg.com/image/video/19f7dc4788801e1eedceeb1eed06c128_0_0.jpeg",
                 "coverForSharing":"http://img.wdjimg.com/image/video/945fa937f0955b31224314a4eeef59b8_0_0.jpeg",
                 "webUrl":"http://wandou.im/1id5xh",
                 "rawWebUrl":"http://www.wandoujia.com/eyepetizer/detail.html?vid=5544"
                 },
                 {
                 "id":6030,
                 "date":1503734536,
                 "idx":1,
                 "title":"死神刺杀计划",
                 "description":"如果杀掉死神，将死之人不就可以逃脱死去的悲惨命运了吗？基于这一逻辑，有人策划了对死神的刺杀。然而……短片娴熟运用剪纸、折纸、定时拍摄等元素，构思精巧、令人称奇。From watashiwaedson's channel",
                 "category":"创意",
                 "duration":333,
                 "playUrl":"http://baobab.wdjcdn.com/14587093851044544c.mp4",
                 "playInfo":[
                             {
                             "height":720,
                             "width":1280,
                             "name":"高清",
                             "type":"high",
                             "url":"http://baobab.wdjcdn.com/14587093851044544c.mp4"
                             }
                             ],
                 "consumption":{
                 "collectionCount":2455,
                 "shareCount":3185,
                 "playCount":0,
                 "replyCount":93
                 },
                 "promotion":null,
                 "waterMarks":null,
                 "provider":{
                 "name":"YouTube",
                 "alias":"youtube",
                 "icon":"http://img.wdjimg.com/image/video/fa20228bc5b921e837156923a58713f6_256_256.png"
                 },
                 "author":null,
                 "adTrack":null,
                 "shareAdTrack":null,
                 "favoriteAdTrack":null,
                 "webAdTrack":null,
                 "coverForFeed":"http://img.wdjimg.com/image/video/3b99a00a216cf4fbc8fbb07fbcd58f7b_0_0.jpeg",
                 "coverForDetail":"http://img.wdjimg.com/image/video/3b99a00a216cf4fbc8fbb07fbcd58f7b_0_0.jpeg",
                 "coverBlurred":"http://img.wdjimg.com/image/video/39168d57b0891fb925f152fa0bd80d8a_0_0.jpeg",
                 "coverForSharing":"http://img.wdjimg.com/image/video/3b99a00a216cf4fbc8fbb07fbcd58f7b_0_0.jpeg",
                 "webUrl":"http://wandou.im/1nbh5m",
                 "rawWebUrl":"http://www.wandoujia.com/eyepetizer/detail.html?vid=6030"
                 },
                 {
                 "id":5638,
                 "date":1503736544,
                 "idx":2,
                 "title":"跑酷：将青春肆意挥洒！",
                 "description":"Thunder Freerunning 是一支由中学生组成的跑酷团队。他们热爱跑酷，将之作为挑战自我、战胜恐惧、释放压力的绝妙方式。他们在短片中惊险跑酷，将青春肆意挥洒！From Thunder Freerunning Ⓥ",
                 "category":"运动",
                 "duration":498,
                 "playUrl":"http://baobab.wdjcdn.com/1456229362945P(7).mp4",
                 "playInfo":[
                             {
                             "height":480,
                             "width":854,
                             "name":"标清",
                             "type":"normal",
                             "url":"http://baobab.wdjcdn.com/1456229749554_5638_854x480.mp4"
                             },
                             {
                             "height":720,
                             "width":1280,
                             "name":"高清",
                             "type":"high",
                             "url":"http://baobab.wdjcdn.com/1456229362945P(7).mp4"
                             }
                             ],
                 "consumption":{
                 "collectionCount":1460,
                 "shareCount":2458,
                 "playCount":0,
                 "replyCount":78
                 },
                 "promotion":null,
                 "waterMarks":null,
                 "provider":{
                 "name":"YouTube",
                 "alias":"youtube",
                 "icon":"http://img.wdjimg.com/image/video/fa20228bc5b921e837156923a58713f6_256_256.png"
                 },
                 "author":null,
                 "adTrack":null,
                 "shareAdTrack":null,
                 "favoriteAdTrack":null,
                 "webAdTrack":null,
                 "coverForFeed":"http://img.wdjimg.com/image/video/6f34edeed80473c3234db4e561f9d1f3_0_0.jpeg",
                 "coverForDetail":"http://img.wdjimg.com/image/video/6f34edeed80473c3234db4e561f9d1f3_0_0.jpeg",
                 "coverBlurred":"http://img.wdjimg.com/image/video/8b033949c3cc22ce46bed0e3964c3a5f_0_0.jpeg",
                 "coverForSharing":"http://img.wdjimg.com/image/video/6f34edeed80473c3234db4e561f9d1f3_0_0.jpeg",
                 "webUrl":"http://wandou.im/1je1ms",
                 "rawWebUrl":"http://www.wandoujia.com/eyepetizer/detail.html?vid=5638"
                 },
                 {
                 "id":5912,
                 "date":1503735997,
                 "idx":1,
                 "title":"心机喵之我只愿在车里！",
                 "description":"一只喵屡屡冒险为哪般？伤痕累累仍要作死，不为其他，只为主人将它载去宠物医院时，能够享受坐在丰田车里的几分钟时间。Toyota 这支广告真的是太拼了！这只喵对丰田车的爱也太深沉了吧。From ToyotaNZ",
                 "category":"广告",
                 "duration":90,
                 "playUrl":"http://baobab.wdjcdn.com/1457159246852The(2).mp4",
                 "playInfo":[
                             {
                             "height":480,
                             "width":854,
                             "name":"标清",
                             "type":"normal",
                             "url":"http://baobab.wdjcdn.com/1457528056425_5912_854x480.mp4"
                             },
                             {
                             "height":720,
                             "width":1280,
                             "name":"高清",
                             "type":"high",
                             "url":"http://baobab.wdjcdn.com/1457159246852The(2).mp4"
                             }
                             ],
                 "consumption":{
                 "collectionCount":737,
                 "shareCount":2288,
                 "playCount":0,
                 "replyCount":61
                 },
                 "promotion":null,
                 "waterMarks":null,
                 "provider":{
                 "name":"YouTube",
                 "alias":"youtube",
                 "icon":"http://img.wdjimg.com/image/video/fa20228bc5b921e837156923a58713f6_256_256.png"
                 },
                 "author":null,
                 "adTrack":null,
                 "shareAdTrack":null,
                 "favoriteAdTrack":null,
                 "webAdTrack":null,
                 "coverForFeed":"http://img.wdjimg.com/image/video/fac9662b8444a954a4d4de69323a7bb7_0_0.jpeg",
                 "coverForDetail":"http://img.wdjimg.com/image/video/fac9662b8444a954a4d4de69323a7bb7_0_0.jpeg",
                 "coverBlurred":"http://img.wdjimg.com/image/video/814d14d306023252dfcdb1e989c5d8e6_0_0.jpeg",
                 "coverForSharing":"http://img.wdjimg.com/image/video/fac9662b8444a954a4d4de69323a7bb7_0_0.jpeg",
                 "webUrl":"http://wandou.im/1mb55y",
                 "rawWebUrl":"http://www.wandoujia.com/eyepetizer/detail.html?vid=5912"
                 },
                 {
                 "id":6190,
                 "date":1503735071,
                 "idx":2,
                 "title":"「守望先锋」最新动画短片：英雄归来",
                 "description":"暴雪出品的射击游戏「守望先锋」推出最新动画短片！大猩猩科学家温斯顿曾与伙伴们组成「守望先锋」特工组织，后来却被解散。当看到这并不安定的社会，温斯顿做下决定……片中回忆杀与打斗混合，温情精彩。From Xbox",
                 "category":"动画",
                 "duration":474,
                 "playUrl":"http://baobab.wdjcdn.com/1458715233692shouwang_x264.mp4",
                 "playInfo":[
                             {
                             "height":720,
                             "width":1280,
                             "name":"高清",
                             "type":"high",
                             "url":"http://baobab.wdjcdn.com/1458715233692shouwang_x264.mp4"
                             }
                             ],
                 "consumption":{
                 "collectionCount":1060,
                 "shareCount":2007,
                 "playCount":0,
                 "replyCount":43
                 },
                 "promotion":null,
                 "waterMarks":null,
                 "provider":{
                 "name":"YouTube",
                 "alias":"youtube",
                 "icon":"http://img.wdjimg.com/image/video/fa20228bc5b921e837156923a58713f6_256_256.png"
                 },
                 "author":null,
                 "adTrack":null,
                 "shareAdTrack":null,
                 "favoriteAdTrack":null,
                 "webAdTrack":null,
                 "coverForFeed":"http://img.wdjimg.com/image/video/2daf93803502bce502c15f73fcd9feec_0_0.jpeg",
                 "coverForDetail":"http://img.wdjimg.com/image/video/2daf93803502bce502c15f73fcd9feec_0_0.jpeg",
                 "coverBlurred":"http://img.wdjimg.com/image/video/0b1d5c104101684e44184f7fc55b1fc8_0_0.jpeg",
                 "coverForSharing":"http://img.wdjimg.com/image/video/2daf93803502bce502c15f73fcd9feec_0_0.jpeg",
                 "webUrl":"http://wandou.im/1qzbqz",
                 "rawWebUrl":"http://www.wandoujia.com/eyepetizer/detail.html?vid=6190"
                 },
                 {
                 "id":6016,
                 "date":1503735337,
                 "idx":1,
                 "title":"周末有空吗？一起去跳伞吧！",
                 "description":"世界上总是有一群以作死为己任的英雄们……这次是跳伞~ 短片中各路英雄花式跳伞，俯瞰城市美景，简直惊险刺激！看着他们拍摄的跳伞视频，真是身临其境，感觉自己也在迅速坠落着~ From SHOWCASE",
                 "category":"运动",
                 "duration":220,
                 "playUrl":"http://baobab.wdjcdn.com/1457423557367GoPro(1).mp4",
                 "playInfo":[
                             {
                             "height":480,
                             "width":854,
                             "name":"标清",
                             "type":"normal",
                             "url":"http://baobab.wdjcdn.com/1457554495830_6016_854x480.mp4"
                             },
                             {
                             "height":720,
                             "width":1280,
                             "name":"高清",
                             "type":"high",
                             "url":"http://baobab.wdjcdn.com/1457423557367GoPro(1).mp4"
                             }
                             ],
                 "consumption":{
                 "collectionCount":773,
                 "shareCount":2442,
                 "playCount":0,
                 "replyCount":71
                 },
                 "promotion":null,
                 "waterMarks":null,
                 "provider":{
                 "name":"YouTube",
                 "alias":"youtube",
                 "icon":"http://img.wdjimg.com/image/video/fa20228bc5b921e837156923a58713f6_256_256.png"
                 },
                 "author":null,
                 "adTrack":null,
                 "shareAdTrack":null,
                 "favoriteAdTrack":null,
                 "webAdTrack":null,
                 "coverForFeed":"http://img.wdjimg.com/image/video/a7417c2e1200edcc10b987c530fca2de_0_0.jpeg",
                 "coverForDetail":"http://img.wdjimg.com/image/video/a7417c2e1200edcc10b987c530fca2de_0_0.jpeg",
                 "coverBlurred":"http://img.wdjimg.com/image/video/fbfb14d1f64fbf924d7995e3b107634d_0_0.jpeg",
                 "coverForSharing":"http://img.wdjimg.com/image/video/a7417c2e1200edcc10b987c530fca2de_0_0.jpeg",
                 "webUrl":"http://wandou.im/1n31xx",
                 "rawWebUrl":"http://www.wandoujia.com/eyepetizer/detail.html?vid=6016"
                 },
                 {
                 "id":5622,
                 "date":1503734536,
                 "idx":4,
                 "title":"周末食谱：煲仔饭",
                 "description":"周末宅家，简直难以抉择要吃什么来与这份惬意相配呢~那就来一碗煲仔饭吧。软糯的香米配上微焦的香肠，再加一颗溏心蛋。噢，别忘了几棵清爽的青菜……想想就有温暖的饱腹感~From 日食记",
                 "category":"开胃",
                 "duration":236,
                 "playUrl":"http://baobab.wdjcdn.com/1456208397738b(2).mp4",
                 "playInfo":[
                             {
                             "height":480,
                             "width":854,
                             "name":"标清",
                             "type":"normal",
                             "url":"http://baobab.wdjcdn.com/1456208612766_5622_854x480.mp4"
                             },
                             {
                             "height":720,
                             "width":1280,
                             "name":"高清",
                             "type":"high",
                             "url":"http://baobab.wdjcdn.com/1456208397738b(2).mp4"
                             }
                             ],
                 "consumption":{
                 "collectionCount":2021,
                 "shareCount":2792,
                 "playCount":0,
                 "replyCount":77
                 },
                 "promotion":null,
                 "waterMarks":null,
                 "provider":{
                 "name":"腾讯",
                 "alias":"qq",
                 "icon":"http://img.wdjimg.com/mms/icon/v1/4/2c/def8a8aa0971f93973280f7f75c772c4_256_256.png"
                 },
                 "author":null,
                 "adTrack":null,
                 "shareAdTrack":null,
                 "favoriteAdTrack":null,
                 "webAdTrack":null,
                 "coverForFeed":"http://img.wdjimg.com/image/video/923c833ede7c0e7bec8733006a4e32f8_0_0.jpeg",
                 "coverForDetail":"http://img.wdjimg.com/image/video/923c833ede7c0e7bec8733006a4e32f8_0_0.jpeg",
                 "coverBlurred":"http://img.wdjimg.com/image/video/37f01792333687981c70935927b043b8_0_0.jpeg",
                 "coverForSharing":"http://img.wdjimg.com/image/video/923c833ede7c0e7bec8733006a4e32f8_0_0.jpeg",
                 "webUrl":"http://wandou.im/1jat49",
                 "rawWebUrl":"http://www.wandoujia.com/eyepetizer/detail.html?vid=5622"
                 },
                 {
                 "id":5532,
                 "date":1503734403,
                 "idx":5,
                 "title":"温馨建议，还是受人摆布？",
                 "description":"在遇见困难时，你是否幻想过有人在你耳畔给你建议？短片中，人脑里可以植入“智能蟋蟀”，之后就如同配备了贴心管家，时刻提醒你做正确之事，甚至还可以开启自动模式当甩手掌柜…… From 3iS",
                 "category":"剧情",
                 "duration":1206,
                 "playUrl":"http://baobab.wdjcdn.com/1458396811995caokongshuwu_x264.mp4",
                 "playInfo":[
                             {
                             "height":720,
                             "width":1280,
                             "name":"高清",
                             "type":"high",
                             "url":"http://baobab.wdjcdn.com/1458396811995caokongshuwu_x264.mp4"
                             }
                             ],
                 "consumption":{
                 "collectionCount":1231,
                 "shareCount":1410,
                 "playCount":0,
                 "replyCount":55
                 },
                 "promotion":null,
                 "waterMarks":null,
                 "provider":{
                 "name":"Vimeo",
                 "alias":"vimeo",
                 "icon":"http://img.wdjimg.com/image/video/c3ad630be461cbb081649c9e21d6cbe3_256_256.png"
                 },
                 "author":null,
                 "adTrack":null,
                 "shareAdTrack":null,
                 "favoriteAdTrack":null,
                 "webAdTrack":null,
                 "coverForFeed":"http://img.wdjimg.com/image/video/4fbad361a5679214bc4e41b79e260b0b_0_0.jpeg",
                 "coverForDetail":"http://img.wdjimg.com/image/video/4fbad361a5679214bc4e41b79e260b0b_0_0.jpeg",
                 "coverBlurred":"http://img.wdjimg.com/image/video/95b874a8c7e75b4e1ed50e0c4e0fa442_0_0.jpeg",
                 "coverForSharing":"http://img.wdjimg.com/image/video/4fbad361a5679214bc4e41b79e260b0b_0_0.jpeg",
                 "webUrl":"http://wandou.im/1i8q2x",
                 "rawWebUrl":"http://www.wandoujia.com/eyepetizer/detail.html?vid=5532"
                 },
                 {
                 "id":5018,
                 "date":1503736915,
                 "idx":4,
                 "title":"洛杉矶：在城市中感受自然",
                 "description":"Los Angeles「洛杉矶」在西语里有“天使之城”的浪漫含义。作为仅次于纽约的美国第二大城市，洛杉矶简直是城市、人文与自然美妙结合的典范。看，或许真有天使居住于此呢~ From Andrew Walker",
                 "category":"旅行",
                 "duration":260,
                 "playUrl":"http://baobab.wdjcdn.com/1453449211052451530564.mp4",
                 "playInfo":[
                             {
                             "height":480,
                             "width":854,
                             "name":"标清",
                             "type":"normal",
                             "url":"http://baobab.wdjcdn.com/1453449860362_5018_854x480.mp4"
                             },
                             {
                             "height":720,
                             "width":1280,
                             "name":"高清",
                             "type":"high",
                             "url":"http://baobab.wdjcdn.com/1453449211052451530564.mp4"
                             }
                             ],
                 "consumption":{
                 "collectionCount":1081,
                 "shareCount":1389,
                 "playCount":0,
                 "replyCount":35
                 },
                 "promotion":null,
                 "waterMarks":null,
                 "provider":{
                 "name":"Vimeo",
                 "alias":"vimeo",
                 "icon":"http://img.wdjimg.com/image/video/c3ad630be461cbb081649c9e21d6cbe3_256_256.png"
                 },
                 "author":null,
                 "adTrack":null,
                 "shareAdTrack":null,
                 "favoriteAdTrack":null,
                 "webAdTrack":null,
                 "coverForFeed":"http://img.wdjimg.com/image/video/86d6685b2d7846e17177bdb81dd02c95_0_0.jpeg",
                 "coverForDetail":"http://img.wdjimg.com/image/video/86d6685b2d7846e17177bdb81dd02c95_0_0.jpeg",
                 "coverBlurred":"http://img.wdjimg.com/image/video/b567206bd4d7863d07fbb64da2ffe019_0_0.jpeg",
                 "coverForSharing":"http://img.wdjimg.com/image/video/86d6685b2d7846e17177bdb81dd02c95_0_0.jpeg",
                 "webUrl":"http://wandou.im/1a9v4p",
                 "rawWebUrl":"http://www.wandoujia.com/eyepetizer/detail.html?vid=5018"
                 },
                 {
                 "id":5858,
                 "date":1503737705,
                 "idx":3,
                 "title":"白雪是最好的画布",
                 "description":"人们去沙滩总会在上面写写画画，以作留念，大师 Simon Beck 的事业与这个很相似。只不过他的画布不是沙滩，而是白雪。他以双脚为笔，白雪为纸，画出了令人赞叹称绝的巨型美妙图案。From #inspirasjonstryn",
                 "category":"记录",
                 "duration":360,
                 "playUrl":"http://baobab.wdjcdn.com/14585683555005644d.mp4",
                 "playInfo":[
                             {
                             "height":720,
                             "width":1280,
                             "name":"高清",
                             "type":"high",
                             "url":"http://baobab.wdjcdn.com/14585683555005644d.mp4"
                             }
                             ],
                 "consumption":{
                 "collectionCount":792,
                 "shareCount":1091,
                 "playCount":0,
                 "replyCount":29
                 },
                 "promotion":null,
                 "waterMarks":null,
                 "provider":{
                 "name":"Vimeo",
                 "alias":"vimeo",
                 "icon":"http://img.wdjimg.com/image/video/c3ad630be461cbb081649c9e21d6cbe3_256_256.png"
                 },
                 "author":null,
                 "adTrack":null,
                 "shareAdTrack":null,
                 "favoriteAdTrack":null,
                 "webAdTrack":null,
                 "coverForFeed":"http://img.wdjimg.com/image/video/9ea4b301748105d1e1fcfbfddda84e78_0_0.jpeg",
                 "coverForDetail":"http://img.wdjimg.com/image/video/9ea4b301748105d1e1fcfbfddda84e78_0_0.jpeg",
                 "coverBlurred":"http://img.wdjimg.com/image/video/ee14c0af9dc5ede97201a03744b4561a_0_0.jpeg",
                 "coverForSharing":"http://img.wdjimg.com/image/video/9ea4b301748105d1e1fcfbfddda84e78_0_0.jpeg",
                 "webUrl":"http://wandou.im/1lx3fv",
                 "rawWebUrl":"http://www.wandoujia.com/eyepetizer/detail.html?vid=5858"
                 },
                 {
                 "id":5004,
                 "date":1503737586,
                 "idx":5,
                 "title":"头发的回收再利用",
                 "description":"头发也是一种资源！短片记录了在山东的头发加工工厂对头发进行回收再加工，最后做成各种装饰品的过程。将头发融入天然树脂中，竟然能生出如此美妙的作品！From Studio Swine",
                 "category":"记录",
                 "duration":268,
                 "playUrl":"http://baobab.wdjcdn.com/1455866087616272278743.mp4",
                 "playInfo":[
                             {
                             "height":480,
                             "width":854,
                             "name":"标清",
                             "type":"normal",
                             "url":"http://baobab.wdjcdn.com/1455866471868_5004_854x480.mp4"
                             },
                             {
                             "height":720,
                             "width":1280,
                             "name":"高清",
                             "type":"high",
                             "url":"http://baobab.wdjcdn.com/1455866087616272278743.mp4"
                             }
                             ],
                 "consumption":{
                 "collectionCount":909,
                 "shareCount":1628,
                 "playCount":14,
                 "replyCount":82
                 },
                 "promotion":null,
                 "waterMarks":null,
                 "provider":{
                 "name":"Vimeo",
                 "alias":"vimeo",
                 "icon":"http://img.wdjimg.com/image/video/c3ad630be461cbb081649c9e21d6cbe3_256_256.png"
                 },
                 "author":null,
                 "adTrack":null,
                 "shareAdTrack":null,
                 "favoriteAdTrack":null,
                 "webAdTrack":null,
                 "coverForFeed":"http://img.wdjimg.com/image/video/317dd08fcf8580479a5ef61325b3552e_0_0.jpeg",
                 "coverForDetail":"http://img.wdjimg.com/image/video/317dd08fcf8580479a5ef61325b3552e_0_0.jpeg",
                 "coverBlurred":"http://img.wdjimg.com/image/video/149ee1bd4f9775ada4f5f9dda2dc298b_0_0.jpeg",
                 "coverForSharing":"http://img.wdjimg.com/image/video/317dd08fcf8580479a5ef61325b3552e_0_0.jpeg",
                 "webUrl":"http://wandou.im/1a9cym",
                 "rawWebUrl":"http://www.wandoujia.com/eyepetizer/detail.html?vid=5004"
                 },
                 {
                 "id":5972,
                 "date":1503737541,
                 "idx":4,
                 "title":"24 小时吃遍纽约",
                 "description":"不同的人对「旅行」有不同的定义。有人偏重于游山玩水，有人偏重于体验人文，短片中的苹果姐姐则专注于品尝美食。这次她在一天中天走遍了纽约的各个街区，寻觅美食。这些美味你心动了吗？From @苹果姐姐在美国",
                 "category":"开胃",
                 "duration":225,
                 "playUrl":"http://baobab.wdjcdn.com/1457350288990New.mp4",
                 "playInfo":[
                             {
                             "height":480,
                             "width":854,
                             "name":"标清",
                             "type":"normal",
                             "url":"http://baobab.wdjcdn.com/1457546068527_5972_854x480.mp4"
                             },
                             {
                             "height":720,
                             "width":1280,
                             "name":"高清",
                             "type":"high",
                             "url":"http://baobab.wdjcdn.com/1457350288990New.mp4"
                             }
                             ],
                 "consumption":{
                 "collectionCount":1075,
                 "shareCount":1642,
                 "playCount":0,
                 "replyCount":45
                 },
                 "promotion":null,
                 "waterMarks":null,
                 "provider":{
                 "name":"腾讯",
                 "alias":"qq",
                 "icon":"http://img.wdjimg.com/mms/icon/v1/4/2c/def8a8aa0971f93973280f7f75c772c4_256_256.png"
                 },
                 "author":null,
                 "adTrack":null,
                 "shareAdTrack":null,
                 "favoriteAdTrack":null,
                 "webAdTrack":null,
                 "coverForFeed":"http://img.wdjimg.com/image/video/53b50b87675a0c0134b7c760c5f115f2_0_0.jpeg",
                 "coverForDetail":"http://img.wdjimg.com/image/video/53b50b87675a0c0134b7c760c5f115f2_0_0.jpeg",
                 "coverBlurred":"http://img.wdjimg.com/image/video/da9cd9244d49566e369354c9478889a3_0_0.jpeg",
                 "coverForSharing":"http://img.wdjimg.com/image/video/53b50b87675a0c0134b7c760c5f115f2_0_0.jpeg",
                 "webUrl":"http://wandou.im/1mv4cb",
                 "rawWebUrl":"http://www.wandoujia.com/eyepetizer/detail.html?vid=5972"
                 },
                 {
                 "id":6126,
                 "date":1503737478,
                 "idx":2,
                 "title":"蒂姆·伯顿最新力作「怪奇孤儿院」预告",
                 "description":"鬼才导演蒂姆·波顿的「怪奇孤儿院」推出最新预告。从小认为自己是普通人的男主其实天赋异禀，并且还不是一般的“天赋”。在结识各种与他一样不寻常的伙伴后，他发现，他的天赋还伴随着巨大的责任。From twfoxmovies",
                 "category":"预告",
                 "duration":167,
                 "playUrl":"http://baobab.wdjcdn.com/1458055481004g.mp4",
                 "playInfo":[
                             {
                             "height":480,
                             "width":854,
                             "name":"标清",
                             "type":"normal",
                             "url":"http://baobab.wdjcdn.com/1458055625183_6126_854x480.mp4"
                             },
                             {
                             "height":720,
                             "width":1280,
                             "name":"高清",
                             "type":"high",
                             "url":"http://baobab.wdjcdn.com/1458055481004g.mp4"
                             }
                             ],
                 "consumption":{
                 "collectionCount":1947,
                 "shareCount":3803,
                 "playCount":0,
                 "replyCount":99
                 },
                 "promotion":null,
                 "waterMarks":null,
                 "provider":{
                 "name":"YouTube",
                 "alias":"youtube",
                 "icon":"http://img.wdjimg.com/image/video/fa20228bc5b921e837156923a58713f6_256_256.png"
                 },
                 "author":null,
                 "adTrack":null,
                 "shareAdTrack":null,
                 "favoriteAdTrack":null,
                 "webAdTrack":null,
                 "coverForFeed":"http://img.wdjimg.com/image/video/799e763d9ec299e9d5eaf4336abcc334_0_0.jpeg",
                 "coverForDetail":"http://img.wdjimg.com/image/video/799e763d9ec299e9d5eaf4336abcc334_0_0.jpeg",
                 "coverBlurred":"http://img.wdjimg.com/image/video/ec356f61c15d42455e12e30926945ed4_0_0.jpeg",
                 "coverForSharing":"http://img.wdjimg.com/image/video/799e763d9ec299e9d5eaf4336abcc334_0_0.jpeg",
                 "webUrl":"http://wandou.im/1p0xcq",
                 "rawWebUrl":"http://www.wandoujia.com/eyepetizer/detail.html?vid=6126"
                 },
                 {
                 "id":5412,
                 "date":1503736815,
                 "idx":1,
                 "title":"一段相差 57 岁的人生问答",
                 "description":"对于孩子来说，“变老”这一话题还太过遥远。而对于老者来说，大多数已坦然接受。岁月赋予了我们什么，又带走了什么？短片邀请了 7 岁的尚恩和 64 岁的戴斯进行了一场关于“变老”的谈话。From B.C. & Lowy",
                 "category":"记录",
                 "duration":275,
                 "playUrl":"http://baobab.wdjcdn.com/14557771465491(9).mp4",
                 "playInfo":[
                             {
                             "height":480,
                             "width":854,
                             "name":"标清",
                             "type":"normal",
                             "url":"http://baobab.wdjcdn.com/1455777405247_5412_854x480.mp4"
                             },
                             {
                             "height":720,
                             "width":1280,
                             "name":"高清",
                             "type":"high",
                             "url":"http://baobab.wdjcdn.com/14557771465491(9).mp4"
                             }
                             ],
                 "consumption":{
                 "collectionCount":2832,
                 "shareCount":5705,
                 "playCount":0,
                 "replyCount":54
                 },
                 "promotion":null,
                 "waterMarks":null,
                 "provider":{
                 "name":"YouTube",
                 "alias":"youtube",
                 "icon":"http://img.wdjimg.com/image/video/fa20228bc5b921e837156923a58713f6_256_256.png"
                 },
                 "author":null,
                 "adTrack":null,
                 "shareAdTrack":null,
                 "favoriteAdTrack":null,
                 "webAdTrack":null,
                 "coverForFeed":"http://img.wdjimg.com/image/video/efb2d3f26118e06bb88be3976cfb5831_0_0.jpeg",
                 "coverForDetail":"http://img.wdjimg.com/image/video/efb2d3f26118e06bb88be3976cfb5831_0_0.jpeg",
                 "coverBlurred":"http://img.wdjimg.com/image/video/388474012c11fc6e2b0cd873c85ee700_0_0.jpeg",
                 "coverForSharing":"http://img.wdjimg.com/image/video/efb2d3f26118e06bb88be3976cfb5831_0_0.jpeg",
                 "webUrl":"http://wandou.im/1hrgas",
                 "rawWebUrl":"http://www.wandoujia.com/eyepetizer/detail.html?vid=5412"
                 },
                 {
                 "id":5938,
                 "date":1503737400,
                 "idx":4,
                 "title":"「a Drop」：坠落还是飞翔？",
                 "description":"短片「a Drop」以炫酷的特效讲述了男子从荒芜之城坠落逃离的过程，并采取开放式结局，留给观者想象的空间。男子为何向下坠落，后来又为何反向跃出？这在坠落的过程中，竟然给人以飞翔之感。From Julien Vanhoenacker",
                 "category":"创意",
                 "duration":429,
                 "playUrl":"http://baobab.wdjcdn.com/1457175758944481773276.mp4",
                 "playInfo":[
                             {
                             "height":480,
                             "width":854,
                             "name":"标清",
                             "type":"normal",
                             "url":"http://baobab.wdjcdn.com/1457536400105_5938_854x480.mp4"
                             },
                             {
                             "height":544,
                             "width":1280,
                             "name":"高清",
                             "type":"high",
                             "url":"http://baobab.wdjcdn.com/1457175758944481773276.mp4"
                             }
                             ],
                 "consumption":{
                 "collectionCount":976,
                 "shareCount":1035,
                 "playCount":0,
                 "replyCount":59
                 },
                 "promotion":null,
                 "waterMarks":null,
                 "provider":{
                 "name":"Vimeo",
                 "alias":"vimeo",
                 "icon":"http://img.wdjimg.com/image/video/c3ad630be461cbb081649c9e21d6cbe3_256_256.png"
                 },
                 "author":null,
                 "adTrack":null,
                 "shareAdTrack":null,
                 "favoriteAdTrack":null,
                 "webAdTrack":null,
                 "coverForFeed":"http://img.wdjimg.com/image/video/695169b6b4e867a558e2c16ee3d97129_0_0.jpeg",
                 "coverForDetail":"http://img.wdjimg.com/image/video/695169b6b4e867a558e2c16ee3d97129_0_0.jpeg",
                 "coverBlurred":"http://img.wdjimg.com/image/video/5ea86dab9c48502404d8711531c6c50c_0_0.jpeg",
                 "coverForSharing":"http://img.wdjimg.com/image/video/695169b6b4e867a558e2c16ee3d97129_0_0.jpeg",
                 "webUrl":"http://wandou.im/1md6w7",
                 "rawWebUrl":"http://www.wandoujia.com/eyepetizer/detail.html?vid=5938"
                 },
                 {
                 "id":5922,
                 "date":1503734791,
                 "idx":1,
                 "title":"周末号外丨谁说胖就不能跳钢管舞啦！",
                 "description":"谁说只有纤细女子才能将钢管舞跳得性感、挑逗、魅惑？MoneySupermarket 这支广告实力证明微胖界也有丝毫不输的钢管舞大神！看那灵活小电臀和妖娆小眼神，简直不要太性感~ From Biscuit Filmwor",
                 "category":"广告",
                 "duration":60,
                 "playUrl":"http://baobab.wdjcdn.com/1458912046649lingghuodepangzi_x264.mp4",
                 "playInfo":[
                             {
                             "height":548,
                             "width":1280,
                             "name":"高清",
                             "type":"high",
                             "url":"http://baobab.wdjcdn.com/1458912046649lingghuodepangzi_x264.mp4"
                             }
                             ],
                 "consumption":{
                 "collectionCount":508,
                 "shareCount":2094,
                 "playCount":0,
                 "replyCount":41
                 },
                 "promotion":null,
                 "waterMarks":null,
                 "provider":{
                 "name":"乐视",
                 "alias":"letv",
                 "icon":"http://img.wdjimg.com/mms/icon/v1/6/ca/784da0db524cf8e1448574a764dcdca6_256_256.png"
                 },
                 "author":null,
                 "adTrack":null,
                 "shareAdTrack":null,
                 "favoriteAdTrack":null,
                 "webAdTrack":null,
                 "coverForFeed":"http://img.wdjimg.com/image/video/c83878ca9ef9c0589345665aa818b717_0_0.jpeg",
                 "coverForDetail":"http://img.wdjimg.com/image/video/c83878ca9ef9c0589345665aa818b717_0_0.jpeg",
                 "coverBlurred":"http://img.wdjimg.com/image/video/5c30e6c8eb5a2423d8c6505e879da2a4_0_0.jpeg",
                 "coverForSharing":"http://img.wdjimg.com/image/video/c83878ca9ef9c0589345665aa818b717_0_0.jpeg",
                 "webUrl":"http://wandou.im/1mbxff",
                 "rawWebUrl":"http://www.wandoujia.com/eyepetizer/detail.html?vid=5922"
                 },
                 {
                 "id":5830,
                 "date":1503737177,
                 "idx":1,
                 "title":"周末号外丨美国公路的狂野之旅",
                 "description":"走过了美国西海岸和东海岸，@修飞机的摄影师 和小伙伴们开始了美国西部狂野之旅。行程包括西雅图、大提顿国家公园、黄石国家公园、盐湖城、大峡谷国家公园、马蹄湾、羚羊谷、拉斯维加斯等等。",
                 "category":"旅行",
                 "duration":247,
                 "playUrl":"http://baobab.wdjcdn.com/1457009175183M.mp4",
                 "playInfo":[
                             {
                             "height":480,
                             "width":854,
                             "name":"标清",
                             "type":"normal",
                             "url":"http://baobab.wdjcdn.com/1457511406483_5830_854x480.mp4"
                             },
                             {
                             "height":720,
                             "width":1280,
                             "name":"高清",
                             "type":"high",
                             "url":"http://baobab.wdjcdn.com/1457009175183M.mp4"
                             }
                             ],
                 "consumption":{
                 "collectionCount":1148,
                 "shareCount":1774,
                 "playCount":0,
                 "replyCount":40
                 },
                 "promotion":null,
                 "waterMarks":null,
                 "provider":{
                 "name":"腾讯",
                 "alias":"qq",
                 "icon":"http://img.wdjimg.com/mms/icon/v1/4/2c/def8a8aa0971f93973280f7f75c772c4_256_256.png"
                 },
                 "author":null,
                 "adTrack":null,
                 "shareAdTrack":null,
                 "favoriteAdTrack":null,
                 "webAdTrack":null,
                 "coverForFeed":"http://img.wdjimg.com/image/video/ed080e4601410a3370f3b840da6cb304_0_0.jpeg",
                 "coverForDetail":"http://img.wdjimg.com/image/video/ed080e4601410a3370f3b840da6cb304_0_0.jpeg",
                 "coverBlurred":"http://img.wdjimg.com/image/video/f10f7215115805932c03ed653e302400_0_0.jpeg",
                 "coverForSharing":"http://img.wdjimg.com/image/video/ed080e4601410a3370f3b840da6cb304_0_0.jpeg",
                 "webUrl":"http://wandou.im/1lwb4j",
                 "rawWebUrl":"http://www.wandoujia.com/eyepetizer/detail.html?vid=5830"
                 },
                 {
                 "id":5608,
                 "date":1503737056,
                 "idx":3,
                 "title":"Sonder：每人都有自己的故事",
                 "description":"你是自己生活的主角，擦肩的陌生人、朋友、敌人都作为配角活跃在你的舞台上。然而在他人的生活中，你又何尝不是配角？每个人都有自己的故事，都在属于自己的舞台上闪闪发光。From The Dictionary of Obscure Sorrows",
                 "category":"综合",
                 "duration":158,
                 "playUrl":"http://baobab.wdjcdn.com/1456194424399S(23).mp4",
                 "playInfo":[
                             {
                             "height":480,
                             "width":854,
                             "name":"标清",
                             "type":"normal",
                             "url":"http://baobab.wdjcdn.com/1456194764970_5608_854x480.mp4"
                             },
                             {
                             "height":720,
                             "width":1280,
                             "name":"高清",
                             "type":"high",
                             "url":"http://baobab.wdjcdn.com/1456194424399S(23).mp4"
                             }
                             ],
                 "consumption":{
                 "collectionCount":928,
                 "shareCount":1395,
                 "playCount":0,
                 "replyCount":24
                 },
                 "promotion":null,
                 "waterMarks":null,
                 "provider":{
                 "name":"YouTube",
                 "alias":"youtube",
                 "icon":"http://img.wdjimg.com/image/video/fa20228bc5b921e837156923a58713f6_256_256.png"
                 },
                 "author":null,
                 "adTrack":null,
                 "shareAdTrack":null,
                 "favoriteAdTrack":null,
                 "webAdTrack":null,
                 "coverForFeed":"http://img.wdjimg.com/image/video/53170c1097b3614ef6c7e1a3ce25164a_0_0.jpeg",
                 "coverForDetail":"http://img.wdjimg.com/image/video/53170c1097b3614ef6c7e1a3ce25164a_0_0.jpeg",
                 "coverBlurred":"http://img.wdjimg.com/image/video/e1a048d381fb3ab248c14563fcc4b645_0_0.jpeg",
                 "coverForSharing":"http://img.wdjimg.com/image/video/53170c1097b3614ef6c7e1a3ce25164a_0_0.jpeg",
                 "webUrl":"http://wandou.im/1j8dgx",
                 "rawWebUrl":"http://www.wandoujia.com/eyepetizer/detail.html?vid=5608"
                 },
                 {
                 "id":5824,
                 "date":1503737000,
                 "idx":2,
                 "title":"周末号外丨川普版权力的游戏",
                 "description":"川普，你走错片场啦！美国总统候选人唐纳德·川普最近一路蹿红，引起热议。有网友突发奇想，将其代入「权力的游戏」……竟然，毫无违和感！ From @脱了衣服转身",
                 "category":"综合",
                 "duration":160,
                 "playUrl":"http://baobab.wdjcdn.com/14570071502774.mp4",
                 "playInfo":[
                             {
                             "height":480,
                             "width":854,
                             "name":"标清",
                             "type":"normal",
                             "url":"http://baobab.wdjcdn.com/1457007294968_5824_854x480.mp4"
                             },
                             {
                             "height":720,
                             "width":1280,
                             "name":"高清",
                             "type":"high",
                             "url":"http://baobab.wdjcdn.com/14570071502774.mp4"
                             }
                             ],
                 "consumption":{
                 "collectionCount":447,
                 "shareCount":1602,
                 "playCount":0,
                 "replyCount":57
                 },
                 "promotion":null,
                 "waterMarks":null,
                 "provider":{
                 "name":"乐视",
                 "alias":"letv",
                 "icon":"http://img.wdjimg.com/mms/icon/v1/6/ca/784da0db524cf8e1448574a764dcdca6_256_256.png"
                 },
                 "author":null,
                 "adTrack":null,
                 "shareAdTrack":null,
                 "favoriteAdTrack":null,
                 "webAdTrack":null,
                 "coverForFeed":"http://img.wdjimg.com/image/video/acdba01e52efe8082d7c33556cf61549_0_0.jpeg",
                 "coverForDetail":"http://img.wdjimg.com/image/video/acdba01e52efe8082d7c33556cf61549_0_0.jpeg",
                 "coverBlurred":"http://img.wdjimg.com/image/video/54192711f86448909d2a5ca56e65dcf9_0_0.jpeg",
                 "coverForSharing":"http://img.wdjimg.com/image/video/acdba01e52efe8082d7c33556cf61549_0_0.jpeg",
                 "webUrl":"http://wandou.im/1lw0gn",
                 "rawWebUrl":"http://www.wandoujia.com/eyepetizer/detail.html?vid=5824"
                 },
                 {
                 "id":4866,
                 "date":1503736915,
                 "idx":4,
                 "title":"奥斯卡经典：宵禁",
                 "description":"什么事情才能阻止割腕惨剧的发生？男主本已一心向死，割腕躺在浴缸中等待死神降临。可接到一通电话后，他却立马将伤口包扎，匆匆出门……有的时候，“被需要感”往往有出人意料的治愈效果。From 哼",
                 "category":"剧情",
                 "duration":1182,
                 "playUrl":"http://baobab.wdjcdn.com/1452761514802Curfew.mp4",
                 "playInfo":[
                             {
                             "height":480,
                             "width":854,
                             "name":"标清",
                             "type":"normal",
                             "url":"http://baobab.wdjcdn.com/1452764886841_4866_854x480.mp4"
                             },
                             {
                             "height":538,
                             "width":1280,
                             "name":"高清",
                             "type":"high",
                             "url":"http://baobab.wdjcdn.com/1452761514802Curfew.mp4"
                             }
                             ],
                 "consumption":{
                 "collectionCount":2343,
                 "shareCount":2445,
                 "playCount":0,
                 "replyCount":76
                 },
                 "promotion":null,
                 "waterMarks":null,
                 "provider":{
                 "name":"YouTube",
                 "alias":"youtube",
                 "icon":"http://img.wdjimg.com/image/video/fa20228bc5b921e837156923a58713f6_256_256.png"
                 },
                 "author":null,
                 "adTrack":null,
                 "shareAdTrack":null,
                 "favoriteAdTrack":null,
                 "webAdTrack":null,
                 "coverForFeed":"http://img.wdjimg.com/image/video/21912be28e75eaf5cab64e242f89ec91_0_0.jpeg",
                 "coverForDetail":"http://img.wdjimg.com/image/video/21912be28e75eaf5cab64e242f89ec91_0_0.jpeg",
                 "coverBlurred":"http://img.wdjimg.com/image/video/a9096d18c5647e11a870a2c994d84cba_0_0.jpeg",
                 "coverForSharing":"http://img.wdjimg.com/image/video/21912be28e75eaf5cab64e242f89ec91_0_0.jpeg",
                 "webUrl":"http://wandou.im/182hfz",
                 "rawWebUrl":"http://www.wandoujia.com/eyepetizer/detail.html?vid=4866"
                 },
                {
                 "id":6232,
                 "date":1503737586,
                 "idx":4,
                 "title":"春天来了，用冰淇淋庆祝一下吧~",
                 "description":"春天正是吃冰淇淋的好季节！（诶是吗？）短片带来两道草莓味冰淇淋甜点。冰淇淋融入口中凉凉的触感，再加入草莓果肉，清爽而不冰凉，这正像春天那种和煦的感觉啊~（嗯其实就是想吃冰了_(:зゝ∠)_）From @即刻video",
                 "category":"开胃",
                 "duration":93,
                 "playUrl":"http://baobab.wdjcdn.com/14587897797934.mp4",
                 "playInfo":[
                             {
                             "height":720,
                             "width":1280,
                             "name":"高清",
                             "type":"high",
                             "url":"http://baobab.wdjcdn.com/14587897797934.mp4"
                             }
                             ],
                 "consumption":{
                 "collectionCount":971,
                 "shareCount":1097,
                 "playCount":0,
                 "replyCount":20
                 },
                 "promotion":null,
                 "waterMarks":null,
                 "provider":{
                 "name":"腾讯",
                 "alias":"qq",
                 "icon":"http://img.wdjimg.com/mms/icon/v1/4/2c/def8a8aa0971f93973280f7f75c772c4_256_256.png"
                 },
                 "author":null,
                 "adTrack":null,
                 "shareAdTrack":null,
                 "favoriteAdTrack":null,
                 "webAdTrack":null,
                 "coverForFeed":"http://img.wdjimg.com/image/video/11844a5f2ee70ee595a597eb79f875a3_0_0.jpeg",
                 "coverForDetail":"http://img.wdjimg.com/image/video/11844a5f2ee70ee595a597eb79f875a3_0_0.jpeg",
                 "coverBlurred":"http://img.wdjimg.com/image/video/0b42fe2552afc36fbde3919afdcba269_0_0.jpeg",
                 "coverForSharing":"http://img.wdjimg.com/image/video/11844a5f2ee70ee595a597eb79f875a3_0_0.jpeg",
                 "webUrl":"http://wandou.im/1rglsy",
                 "rawWebUrl":"http://www.wandoujia.com/eyepetizer/detail.html?vid=6232"
                 }
                 ],
    "count":30,
    "total":0,
    "nextPageUrl":null
}
